leave_date,return_date
2020-03-13,2021-11-06
2021-12-19,2022-03-01
2022-03-31,2022-04-29
2022-05-02,2022-10-14
2022-12-04,2023-01-15
2023-03-13,2023-05-16
2023-05-21,2023-08-15
2023-08-20,2023-08-25
2023-10-04,2023-10-05
2023-10-17,2023-10-20
2023-11-21,2023-11-26
2023-12-09,2023-12-11
2024-01-17,2024-01-19
2024-01-26,2024-01-30
2024-02-06,2024-02-09
2024-02-25,2024-02-28
2024-03-16,2024-03-18
2024-03-22,2024-03-27
2024-04-16,2024-04-20
2024-04-28,2024-05-07
2024-05-31,2024-06-05
2024-06-13,2024-06-16
2024-07-01,2024-07-10
2024-08-04,2024-08-07
2024-08-17,2024-08-19
2024-08-25,2024-09-02
2024-09-18,2024-09-20
2024-09-25,2024-09-27
2024-10-03,2024-10-05
2024-10-14,2024-10-22
2024-11-24,2024-12-11
2024-12-24,2024-12-26
2025-01-28,2025-01-31
2025-02-28,2025-03-05
2025-03-24,2025-03-26
2025-04-16,2025-04-17
2025-04-26,2025-05-07
2025-06-12,2025-06-18
2025-06-25,2025-06-27
2025-07-22,2025-07-24
2025-08-19,2025-08-22
2025-09-01,2025-09-15
2025-10-01,2025-10-10
2025-10-16,2025-10-18
2025-10-22,2025-10-31
2025-11-13,2025-11-18
2025-12-06,2025-12-14
